{
 "debug": {
  "Pos": {
   "X": 92.82031,
   "Y": 92.71094
  },
  "Size": {
   "X": 1141.1406,
   "Y": 1177.7344
  }
 }
}