{
 "Theme Edit": {
  "Pos": {
   "X": 1156.25,
   "Y": 464.85938
  },
  "Size": {
   "X": 835,
   "Y": 550
  }
 },
 "debug": {
  "Pos": {
   "X": 224.64062,
   "Y": 86.71875
  },
  "Size": {
   "X": 907,
   "Y": 1023
  }
 }
}