{
 "Theme Edit": {
  "Pos": {
   "X": 328.58594,
   "Y": 888.8828
  },
  "Size": {
   "X": 772,
   "Y": 536
  }
 },
 "debug": {
  "Pos": {
   "X": 767.4297,
   "Y": 224.88281
  },
  "Size": {
   "X": 851,
   "Y": 578
  }
 }
}