{
 "debug": {
  "Pos": {
   "X": 106.5,
   "Y": 44.984375
  },
  "Size": {
   "X": 916.4453,
   "Y": 795.91406
  }
 },
 "second": {
  "Pos": {
   "X": 343.01562,
   "Y": 887.0078
  },
  "Size": {
   "X": 500,
   "Y": 400
  }
 }
}