{
 "debug": {
  "Pos": {
   "X": 342.10938,
   "Y": 78.46875
  },
  "Size": {
   "X": 585.5547,
   "Y": 477.9922
  }
 },
 "second": {
  "Pos": {
   "X": 347.6328,
   "Y": 656.7656
  },
  "Size": {
   "X": 500,
   "Y": 400
  }
 }
}