{
 "debug": {
  "Pos": {
   "X": 92.82031,
   "Y": 92.71094
  },
  "Size": {
   "X": 750.4922,
   "Y": 862.375
  }
 }
}