{
 "Palette": {
  "Bg": {
   "R": 255,
   "G": 255,
   "B": 255,
   "A": 255
  },
  "Fg": {
   "R": 0,
   "G": 0,
   "B": 0,
   "A": 255
  },
  "ContrastBg": {
   "R": 63,
   "G": 81,
   "B": 181,
   "A": 255
  },
  "ContrastFg": {
   "R": 255,
   "G": 255,
   "B": 255,
   "A": 255
  }
 },
 "ButtonInset": {
  "Top": 1.0277218,
  "Bottom": 1.0277218,
  "Left": 0,
  "Right": 0
 },
 "WidgetInset": {
  "Top": 1.0362903,
  "Bottom": 1.0362903,
  "Left": 1.0187293,
  "Right": 1.0187293
 }
}