{
 "Palette": {
  "Bg": {
   "R": 255,
   "G": 255,
   "B": 255,
   "A": 255
  },
  "Fg": {
   "R": 0,
   "G": 0,
   "B": 0,
   "A": 255
  },
  "ContrastBg": {
   "R": 63,
   "G": 86,
   "B": 181,
   "A": 255
  },
  "ContrastFg": {
   "R": 255,
   "G": 255,
   "B": 255,
   "A": 255
  }
 },
 "ButtonInset": {
  "Top": 1.0303347,
  "Bottom": 1.0303347,
  "Left": 2.0070312,
  "Right": 2.0070312
 },
 "WidgetInset": {
  "Top": 1.0584466,
  "Bottom": 1.0584466,
  "Left": 1.1170323,
  "Right": 1.1170323
 },
 "DragHeight": 10
}